{"final_c": 8499.157634100653, "final_m": -0.02144475989760439, "m": [0.0032376448738357486, 0.001425250167648331, 0.0003697680613892575, -0.0007242929184263051, -0.0017516319428261518, -0.0027296638783491345, -0.003658912756706817, -0.004542062708965888, -0.005381366415785434, -0.006179005405863564, -0.0069370473622370026, -0.007657458079455786, -0.008342105661474381, -0.00899276548860491, -0.009611124804564712, -0.01019878709399808, -0.01075727624020507, -0.011288040476807853, -0.011792456143199483, -0.01227183125356837, -0.012727408888745868, -0.013160370419673518, -0.013571838570848621, -0.013962880331692155, -0.01433450972338847, -0.014687690428371621, -0.015023338289276897, -0.015342323683837627, -0.01564547378188571, -0.015933574690308545, -0.016207373491524495, -0.016467580180762928, -0.01671486950717245, -0.016949882723531543, -0.017173229249098847, -0.017385488249915065, -0.017587210140654404, -0.01777891801192007, -0.01796110898668494, -0.018134255509394872, -0.01829880657107744, -0.018455188873632955, -0.01860380793632695, -0.018745049147353376, -0.01887927876319536, -0.019006844858375015, -0.019128078228055085, -0.01924329324583301, -0.019352788678951783, -0.01945684846304153, -0.019555742438400848, -0.019649727049727096, -0.019739046011110265, -0.01982393093801467, -0.01990460194788743, -0.019981268230951088, -0.020054128592660547, -0.020123371969230995, -0.02018917791757361, -0.020251717080909545, -0.020311151631269574, -0.020367635690026867, -0.020421315727553374, -0.020472330943036184, -0.020520813625438793, -0.02056688949654325, -0.020610678036962794, -0.020652292795970327, -0.020691841685946163, -0.02072942726220861, -0.020765146988952977, -0.020799093491988694, -0.020831354798929846, -0.020862014567461996, -0.020891152302277262, -0.020918843561240106, -0.02094516015131854, -0.02097017031478873, -0.020993938906195962, -0.021016527560530712, -0.021037994853056075, -0.021058396451200882, -0.02107778525891245, -0.02109621155384326, -0.021113723117727336, -0.021130365360284377, -0.02114618143697295, -0.021161212360898102, -0.021175497109163575, -0.021189072723944418, -0.021201974408542053, -0.021214235618670953, -0.021225888149213556, -0.021236962216668473, -0.02124748653750571, -0.021257488402632137, -0.021266993748160313, -0.02127602722266411, -0.021284612251095618, -0.02129277109552905, -0.02130052491288912, -0.021307893809813662, -0.021314896894792698, -0.021321552327719206, -0.02132787736698002, -0.021333888414209048, -0.021339601056818782, -0.021345030108420468, -0.021350189647237682, -0.021355093052612947, -0.0213597530397021, -0.021364181692446298, -0.021368390494907217, -0.021372390361046698, -0.02137619166302804, -0.021379804258112343, -0.021383237514219642, -0.021386500334221115, -0.021389601179025382, -0.021392548089518695, -0.021395348707416006, -0.02139801029507689, -0.02140053975433778, -0.021402943644409308, -0.021405228198885178, -0.021407399341906663, -0.021409462703524663, -0.02141142363429915, -0.021413287219173842, -0.021415058290662117, -0.02141674144137835, -0.021418341035947114, -0.021419861222321247, -0.021421305942537994, -0.021422678942941236, -0.021423983783896212, -0.021425223849022026, -0.02142640235396578, -0.021427522354741185, -0.02142858675565316, -0.021429598316829095, -0.0214305596613762, -0.021431473282183547, -0.021432341548386483, -0.021433166711510066, -0.021433950911307564, -0.021434696181309117, -0.021435404454094944, -0.021436077566306753, -0.021436717263410406, -0.021437325204222115, -0.021437902965209983, -0.02143845204458198, -0.02143897386617098, -0.021439469783126944, -0.021439941081425832, -0.02144038898320426, -0.0214408146499287, -0.02144121918540728, -0.021441603638652128, -0.02144196900659955, -0.021442316236695264, -0.021442646229351214, -0.02144295984028047, -0.02144325788271619, -0.021443541129520436, -0.021443810315188314, -0.021444066137752613, -0.02144430926059388, -0.021444540314160685, -0.02144475989760439], "c": [6257.694503367368, 6046.118733480016, 6211.9581283284715, 6319.515164375748, 6428.559938819968, 6531.260158466527, 6628.989095344049, 6721.849175487634, 6810.101794175817, 6893.9729920865075, 6973.680641192687, 7049.431381320612, 7121.421650936775, 7189.83812902378, 7254.858228372213, 7316.650554378406, 7375.375342431111, 7431.184873398926, 7484.223868517217, 7534.629864668305, 7582.533571032217, 7628.059208032258, 7671.32482945442, 7712.442628575919, 7751.51922909667, 7788.655961628152, 7823.949126456617, 7857.490243262011, 7889.36628844019, 7919.659920643814, 7948.449695126773, 7975.810267447992, 8001.812587062816, 8026.524081304008, 8050.008830229419, 8072.32773278976, 8093.538664747352, 8113.69662875536, 8132.85389698669, 8151.060146682415, 8168.362588971181, 8184.806091293707, 8200.43329374977, 8215.284719669431, 8229.398880695202, 8242.812376647646, 8255.559990433381, 8267.674778241602, 8279.188155262991, 8290.129977153316, 8300.528617452957, 8310.411041163123, 8319.802874669527, 8328.72847219489, 8337.210978952535, 8345.272391164886, 8352.93361310248, 8360.214511291399, 8367.133966029724, 8373.709920346537, 8379.959426530502, 8385.898690348615, 8391.54311306983, 8396.907331402515, 8402.005255449301, 8406.850104777757, 8411.454442700415, 8415.830208853038, 8419.988750155626, 8423.940850236424, 8427.696757395244, 8431.266211178618, 8434.658467635682, 8437.882323320295, 8440.946138101624, 8443.857856842353, 8446.625030000721, 8449.254833209834, 8451.754085884984, 8454.129268907272, 8456.38654142936, 8458.531756846929, 8460.570477977302, 8462.507991484514, 8464.349321588326, 8466.099243092656, 8467.762293767266, 8469.342786114763, 8470.844818553483, 8472.272286045203, 8473.628890195281, 8474.918148851388, 8476.143405225732, 8477.307836564438, 8478.414462386556, 8479.46615231405, 8480.465633513104, 8481.415497766004, 8482.318208191962, 8483.176105634308, 8483.991414730575, 8484.766249681288, 8485.502619732348, 8486.202434385259, 8486.867508348718, 8487.499566244376, 8488.100247079008, 8488.671108494671, 8489.213630807859, 8489.729220848158, 8490.21921560633, 8490.684885701316, 8491.127438675087, 8491.548022123978, 8491.94772667454, 8492.327588811677, 8492.688593566381, 8493.031677070048, 8493.357728981982, 8493.667594796394, 8493.962078034881, 8494.241942330063, 8494.507913405763, 8494.760680958922, 8495.000900448058, 8495.22919479296, 8495.446155989997, 8495.652346647237, 8495.848301443366, 8496.034528514172, 8496.211510770214, 8496.379707149068, 8496.539553805405, 8496.691465242002, 8496.835835384598, 8496.973038603395, 8497.10343068385, 8497.227349749262, 8497.345117137584, 8497.457038234677, 8497.563403266233, 8497.664488050346, 8497.760554712762, 8497.851852366597, 8497.938617758316, 8498.02107588165, 8498.099440561036, 8498.173915006088, 8498.244692338545, 8498.311956093059, 8498.375880693133, 8498.436631903407, 8498.494367259525, 8498.549236476634, 8498.60138183761, 8498.650938562034, 8498.69803515681, 8498.742793749423, 8498.785330404613, 8498.825755425356, 8498.864173638887, 8498.900684668537, 8498.935383192065, 8498.968359187169, 8498.999698164815, 8499.02948139097, 8499.057786097337, 8499.084685681633, 8499.110249897914, 8499.134545037456, 8499.157634100653],